{
    "CRUZ AGUDO MIGUEL ANGEL.pdf":  {
                                        "0":  [
                                                  {
                                                      "x":  191.76923076923077,
                                                      "y":  11.542067307692308,
                                                      "width":  16.846153846153847,
                                                      "height":  260.7692307692308,
                                                      "color":  "#ffffff"
                                                  },
                                                  {
                                                      "x":  4.384615384615385,
                                                      "y":  9.00360576923077,
                                                      "width":  12.461538461538462,
                                                      "height":  263.7692307692308,
                                                      "color":  "#ffffff"
                                                  }
                                              ],
                                        "1":  [
                                                  {
                                                      "x":  130.82,
                                                      "y":  92.34,
                                                      "width":  31.71,
                                                      "height":  4,
                                                      "color":  "#000000"
                                                  },
                                                  {
                                                      "x":  1.5016501650165017,
                                                      "y":  0.46565594059405946,
                                                      "width":  19.636963696369637,
                                                      "height":  222.01320132013203,
                                                      "color":  "#ffffff"
                                                  },
                                                  {
                                                      "x":  191.40264026402642,
                                                      "y":  0.9277021452145215,
                                                      "width":  17.326732673267326,
                                                      "height":  269.83498349834986,
                                                      "color":  "#ffffff"
                                                  }
                                              ],
                                        "2":  [
                                                  {
                                                      "x":  192.23076923076925,
                                                      "y":  11.77283653846154,
                                                      "width":  16.153846153846153,
                                                      "height":  250.38461538461542,
                                                      "color":  "#ffffff"
                                                  }
                                              ],
                                        "3":  [
                                                  {
                                                      "x":  -1.5016501650165017,
                                                      "y":  21.488758250825082,
                                                      "width":  17.095709570957098,
                                                      "height":  210.46204620462046,
                                                      "color":  "#ffffff"
                                                  }
                                              ],
                                        "4":  [
                                                  {
                                                      "x":  192,
                                                      "y":  8.311298076923077,
                                                      "width":  16.615384615384617,
                                                      "height":  263.53846153846155,
                                                      "color":  "#ffffff"
                                                  }
                                              ],
                                        "5":  [
                                                  {
                                                      "x":  123.3,
                                                      "y":  79.34386138613861,
                                                      "width":  40,
                                                      "height":  17,
                                                      "color":  "#000000"
                                                  }
                                              ],
                                        "7":  [
                                                  {
                                                      "x":  132.82,
                                                      "y":  72.34,
                                                      "width":  31.71,
                                                      "height":  4,
                                                      "color":  "#000000"
                                                  }
                                              ],
                                        "11":  [
                                                   {
                                                       "x":  123.3,
                                                       "y":  80.73,
                                                       "width":  40,
                                                       "height":  17,
                                                       "color":  "#000000"
                                                   }
                                               ]
                                    }
}
