{
  "0": [],
  "1": [
    {
      "x": 130.1486686770376,
      "y": 94.75661804128524,
      "width": 32.45550597075477,
      "height": 5.64443582100083,
      "color": "#000000"
    }
  ],
  "2": [],
  "3": [],
  "4": [],
  "5": []
}