{
  "0": [],
  "1": [
    {
      "x": 133.79966996699662,
      "y": 93.93795379537954,
      "width": 31.7,
      "height": 4,
      "color": "#000000"
    }
  ],
  "2": [],
  "3": [],
  "4": [],
  "5": []
}